Time,Temperature,Insolation
9/22/23 0:00,16.7,0
9/22/23 0:05,16.6,0
9/22/23 0:10,16.6,0
9/22/23 0:15,16.6,0
9/22/23 0:20,16.6,0
9/22/23 0:25,16.4,0
9/22/23 0:30,16.2,0
9/22/23 0:35,16.2,0
9/22/23 0:40,16.2,0
9/22/23 0:45,16.4,0
9/22/23 0:50,16.4,0
9/22/23 0:55,16.4,0
9/22/23 1:00,16.3,0
9/22/23 1:05,16.1,0
9/22/23 1:10,16.1,0
9/22/23 1:15,16.1,0
9/22/23 1:20,15.9,0
9/22/23 1:25,15.8,0
9/22/23 1:30,15.6,0
9/22/23 1:35,15.8,0
9/22/23 1:40,15.8,0
9/22/23 1:45,15.9,0
9/22/23 1:50,15.9,0
9/22/23 1:55,15.8,0
9/22/23 2:00,15.8,0
9/22/23 2:05,16,0
9/22/23 2:10,15.9,0
9/22/23 2:15,15.9,0
9/22/23 2:20,15.7,0
9/22/23 2:25,15.6,0
9/22/23 2:30,15.4,0
9/22/23 2:35,15.4,0
9/22/23 2:40,15.6,0
9/22/23 2:45,15.7,0
9/22/23 2:50,15.7,0
9/22/23 2:55,15.8,0
9/22/23 3:00,15.8,0
9/22/23 3:05,15.8,0
9/22/23 3:10,15.8,0
9/22/23 3:15,15.8,0
9/22/23 3:20,15.7,0
9/22/23 3:25,15.6,0
9/22/23 3:30,15.6,0
9/22/23 3:35,15.6,0
9/22/23 3:40,15.7,0
9/22/23 3:45,15.5,0
9/22/23 3:50,15.3,0
9/22/23 3:55,15,0
9/22/23 4:00,14.9,0
9/22/23 4:05,14.8,0
9/22/23 4:10,15,0
9/22/23 4:15,15.1,0
9/22/23 4:20,15.2,0
9/22/23 4:25,15.1,0
9/22/23 4:30,15,0
9/22/23 4:35,15,0
9/22/23 4:40,14.9,0
9/22/23 4:45,14.7,0
9/22/23 4:50,14.7,0
9/22/23 4:55,14.7,0
9/22/23 5:00,14.7,0
9/22/23 5:05,14.8,0
9/22/23 5:10,14.9,0
9/22/23 5:15,15,0
9/22/23 5:20,15,0
9/22/23 5:25,14.9,0
9/22/23 5:30,14.9,0
9/22/23 5:35,15,0
9/22/23 5:40,15,0
9/22/23 5:45,15.1,0
9/22/23 5:50,15.2,0
9/22/23 5:55,15.2,0
9/22/23 6:00,15.2,0
9/22/23 6:05,15.2,0
9/22/23 6:10,15.3,0
9/22/23 6:15,15.3,0
9/22/23 6:20,15.3,0.1
9/22/23 6:25,15.3,0.3
9/22/23 6:30,15.1,0.8
9/22/23 6:35,14.9,1.3
9/22/23 6:40,14.8,2.1
9/22/23 6:45,14.6,3.7
9/22/23 6:50,14.2,7.1
9/22/23 6:55,14,10.7
9/22/23 7:00,14.2,14.3
9/22/23 7:05,14.2,24.3
9/22/23 7:10,14.4,47.9
9/22/23 7:15,14.6,64.1
9/22/23 7:20,14.8,40.8
9/22/23 7:25,14.9,39.8
9/22/23 7:30,15,42.1
9/22/23 7:35,15,65.6
9/22/23 7:40,15.3,152.9
9/22/23 7:45,15.7,185.1
9/22/23 7:50,16.1,180
9/22/23 7:55,16.3,163.5
9/22/23 8:00,16.5,250.8
9/22/23 8:05,17,282.3
9/22/23 8:10,17.1,315.8
9/22/23 8:15,17.5,344.4
9/22/23 8:20,17.8,180
9/22/23 8:25,17.6,227
9/22/23 8:30,17.7,145.3
9/22/23 8:35,17.8,158.8
9/22/23 8:40,17.7,156.7
9/22/23 8:45,17.8,171.1
9/22/23 8:50,17.9,172.8
9/22/23 8:55,17.9,182.4
9/22/23 9:00,17.8,196.9
9/22/23 9:05,17.8,225
9/22/23 9:10,17.8,196.4
9/22/23 9:15,17.6,185.2
9/22/23 9:20,17.4,184.4
9/22/23 9:25,17.4,166.3
9/22/23 9:30,17.5,166
9/22/23 9:35,17.5,230.4
9/22/23 9:40,17.9,441.4
9/22/23 9:45,18.6,464.6
9/22/23 9:50,19,495.2
9/22/23 9:55,19.3,525.9
9/22/23 10:00,20.3,537.3
9/22/23 10:05,20.4,572.9
9/22/23 10:10,20.4,599.9
9/22/23 10:15,20.9,630
9/22/23 10:20,21.7,600.8
9/22/23 10:25,21.6,683.8
9/22/23 10:30,21.9,716.4
9/22/23 10:35,21.5,659.4
9/22/23 10:40,21.9,566.8
9/22/23 10:45,21.6,630.5
9/22/23 10:50,21.4,707.3
9/22/23 10:55,21.8,676.2
9/22/23 11:00,22.4,736.7
9/22/23 11:05,23,840.4
9/22/23 11:10,22.9,551.1
9/22/23 11:15,23.6,806.3
9/22/23 11:20,23.2,792.7
9/22/23 11:25,23.6,518.3
9/22/23 11:30,22.8,562.6
9/22/23 11:35,22.2,787.7
9/22/23 11:40,22.3,744.7
9/22/23 11:45,22.8,706.5
9/22/23 11:50,22.8,788.2
9/22/23 11:55,23,792.2
9/22/23 12:00,23.7,810.5
9/22/23 12:05,23.6,487
9/22/23 12:10,23.3,874.1
9/22/23 12:15,23.7,397.9
9/22/23 12:20,23.7,584.5
9/22/23 12:25,23.6,638.1
9/22/23 12:30,23.5,582.3
9/22/23 12:35,23.4,600.5
9/22/23 12:40,23.1,418.2
9/22/23 12:45,23.5,389
9/22/23 12:50,23.4,405.8
9/22/23 12:55,23.9,417.9
9/22/23 13:00,23.8,424.6
9/22/23 13:05,23.7,428.7
9/22/23 13:10,24.2,384.1
9/22/23 13:15,23.9,374.9
9/22/23 13:20,24,368.1
9/22/23 13:25,23.8,346
9/22/23 13:30,23.8,323.2
9/22/23 13:35,23.4,309.2
9/22/23 13:40,23.4,299.8
9/22/23 13:45,23.5,295.9
9/22/23 13:50,23.7,264.6
9/22/23 13:55,23.5,242.5
9/22/23 14:00,23.4,239.7
9/22/23 14:05,23.2,247.8
9/22/23 14:10,23.2,260.4
9/22/23 14:15,23.5,260.3
9/22/23 14:20,23.4,248.8
9/22/23 14:25,22.9,229.8
9/22/23 14:30,23,216.5
9/22/23 14:35,22.6,201.8
9/22/23 14:40,22,199.9
9/22/23 14:45,21.6,217
9/22/23 14:50,21.2,262.2
9/22/23 14:55,20.9,278.4
9/22/23 15:00,20.9,295.5
9/22/23 15:05,21.4,269.3
9/22/23 15:10,21.2,277.1
9/22/23 15:15,21.1,289.9
9/22/23 15:20,21,275
9/22/23 15:25,21,260.1
9/22/23 15:30,20.9,251.9
9/22/23 15:35,20.6,239.6
9/22/23 15:40,20.5,224
9/22/23 15:45,20.6,207.9
9/22/23 15:50,20.5,231.4
9/22/23 15:55,20.5,218.4
9/22/23 16:00,20.5,195.1
9/22/23 16:05,20.4,180
9/22/23 16:10,20.3,171.8
9/22/23 16:15,20.4,182
9/22/23 16:20,20.5,185.5
9/22/23 16:25,20.7,180.5
9/22/23 16:30,20.7,182
9/22/23 16:35,20.9,161.8
9/22/23 16:40,20.7,156.7
9/22/23 16:45,20.7,148.4
9/22/23 16:50,20.6,123.3
9/22/23 16:55,20.5,92.7
9/22/23 17:00,20.6,78.4
9/22/23 17:05,20.5,75.1
9/22/23 17:10,20.5,69.6
9/22/23 17:15,20.4,65.2
9/22/23 17:20,20.4,60.7
9/22/23 17:25,20.1,51.4
9/22/23 17:30,20.1,45
9/22/23 17:35,20.1,44
9/22/23 17:40,20,41.9
9/22/23 17:45,19.9,38
9/22/23 17:50,20,32.8
9/22/23 17:55,19.9,30.3
9/22/23 18:00,19.9,26.8
9/22/23 18:05,19.9,27.1
9/22/23 18:10,19.8,29.4
9/22/23 18:15,19.8,28.4
9/22/23 18:20,19.9,28.2
9/22/23 18:25,19.9,28.5
9/22/23 18:30,19.8,20.3
9/22/23 18:35,19.8,13.3
9/22/23 18:40,19.8,7
9/22/23 18:45,19.7,4.6
9/22/23 18:50,19.7,3.4
9/22/23 18:55,19.7,1.8
9/22/23 19:00,19.6,0.3
9/22/23 19:05,19.6,0.1
9/22/23 19:10,19.5,0
9/22/23 19:15,19.4,0
9/22/23 19:20,19.4,0
9/22/23 19:25,19.4,0
9/22/23 19:30,19.3,0
9/22/23 19:35,19.2,0
9/22/23 19:40,19.2,0
9/22/23 19:45,19.2,0
9/22/23 19:50,19.2,0
9/22/23 19:55,19.2,0
9/22/23 20:00,19.3,0
9/22/23 20:05,19.3,0
9/22/23 20:10,19.4,0
9/22/23 20:15,19.6,0
9/22/23 20:20,19.6,0
9/22/23 20:25,19.5,0
9/22/23 20:30,19.5,0
9/22/23 20:35,19.5,0
9/22/23 20:40,19.5,0
9/22/23 20:45,19.4,0
9/22/23 20:50,19.3,0
9/22/23 20:55,19.2,0
9/22/23 21:00,19.2,0
9/22/23 21:05,19.1,0
9/22/23 21:10,19.1,0
9/22/23 21:15,19,0
9/22/23 21:20,19,0
9/22/23 21:25,19,0
9/22/23 21:30,19,0
9/22/23 21:35,19,0
9/22/23 21:40,19,0
9/22/23 21:45,19,0
9/22/23 21:50,18.9,0
9/22/23 21:55,18.9,0
9/22/23 22:00,18.8,0
9/22/23 22:05,18.8,0
9/22/23 22:10,18.8,0
9/22/23 22:15,18.9,0
9/22/23 22:20,18.9,0
9/22/23 22:25,18.8,0
9/22/23 22:30,18.7,0
9/22/23 22:35,18.8,0
9/22/23 22:40,18.9,0
9/22/23 22:45,18.8,0
9/22/23 22:50,18.7,0
9/22/23 22:55,18.8,0
9/22/23 23:00,18.8,0
9/22/23 23:05,18.8,0
9/22/23 23:10,18.7,0
9/22/23 23:15,18.5,0
9/22/23 23:20,18.3,0
9/22/23 23:25,18.1,0
9/22/23 23:30,17.8,0
9/22/23 23:35,17.6,0
9/22/23 23:40,17.6,0
9/22/23 23:45,17.7,0
9/22/23 23:50,17.8,0
9/22/23 23:55,17.7,0